time,S,E,I,R1,beta_t,R0,integer_day,time_diff,Rt,seed,diff
75.99513632222381,90360,242,480,1965,0.12369524712582224,0.8658667298807557,76,0.00486367777618568,0.782890721156283,34,1
