time,S,E,I,R1,beta_t,R0,integer_day,time_diff,Rt,seed,diff
75.99870245240461,89148,236,509,2319,0.12369524712582224,0.8658667298807557,76,0.00129754759538514,0.7723704403882318,58,1
