time,S,E,I,R1,beta_t,R0,integer_day,time_diff,Rt,seed,diff
75.99831867554789,89358,239,520,2253,0.12369524712582224,0.8658667298807557,76,0.00168132445210744,0.7742320538574754,14,1
