time,S,E,I,R1,beta_t,R0,integer_day,time_diff,Rt,seed,diff
75.99755935319858,88817,235,480,2349,0.12369524712582224,0.8658667298807557,76,0.00244064680141775,0.7695650321834181,5,1
