time,S,E,I,R1,beta_t,R0,integer_day,time_diff,Rt,seed,diff
75.99300660922827,88566,260,558,2458,0.12369524712582224,0.8658667298807557,76,0.00699339077172567,0.7673830480241186,42,1
