time,S,E,I,R1,beta_t,R0,integer_day,time_diff,Rt,seed,diff
75.99772122582931,88411,277,578,2333,0.12369524712582224,0.8658667298807557,76,0.00227877417069066,0.7660582719274011,31,1
