time,S,E,I,R1,beta_t,R0,integer_day,time_diff,Rt,seed,diff
75.99862555617148,89054,223,535,2251,0.12369524712582224,0.8658667298807557,76,0.00137444382852436,0.7714439629872593,67,1
