time,S,E,I,R1,beta_t,R0,integer_day,time_diff,Rt,seed,diff
75.99199262811331,88786,302,578,2312,0.12369524712582224,0.8658667298807557,76,0.00800737188669131,0.7694178348393383,41,1
