time,S,E,I,R1,beta_t,R0,integer_day,time_diff,Rt,seed,diff
75.9944588926433,90757,207,439,1919,0.12369524712582224,0.8658667298807557,76,0.00554110735670576,0.7862069907317263,51,1
