time,S,E,I,R1,beta_t,R0,integer_day,time_diff,Rt,seed,diff
75.99766625048747,89418,267,554,2298,0.12369524712582224,0.8658667298807557,76,0.0023337495125304,0.7747862085645991,84,1
