time,S,E,I,R1,beta_t,R0,integer_day,time_diff,Rt,seed,diff
75.99877833910068,88819,264,596,2363,0.12369524712582224,0.8658667298807557,76,0.00122166089931852,0.76947844551043,61,1
