time,S,E,I,R1,beta_t,R0,integer_day,time_diff,Rt,seed,diff
75.99729673538297,89271,245,531,2230,0.12369524712582224,0.8658667298807557,76,0.00270326461702552,0.7734008217967898,39,1
