time,S,E,I,R1,beta_t,R0,integer_day,time_diff,Rt,seed,diff
75.99150523525303,89720,236,488,2068,0.12369524712582224,0.8658667298807557,76,0.00849476474697041,0.7772019767409664,23,1
