time,S,E,I,R1,beta_t,R0,integer_day,time_diff,Rt,seed,diff
75.99114534389489,89012,284,600,2350,0.12369524712582224,0.8658667298807557,76,0.0088546561051146,0.7713400589796736,56,1
