time,S,E,I,R1,beta_t,R0,integer_day,time_diff,Rt,seed,diff
75.99190952429589,89126,250,556,2296,0.12369524712582224,0.8658667298807557,76,0.00809047570410825,0.7722925123825425,25,1
