time,S,E,I,R1,beta_t,R0,integer_day,time_diff,Rt,seed,diff
75.99761687702434,88496,238,503,2337,0.12369524712582224,0.8658667298807557,76,0.00238312297565812,0.7667509653113056,4,1
