time,S,E,I,R1,beta_t,R0,integer_day,time_diff,Rt,seed,diff
75.99485016625647,89177,253,522,2301,0.12369524712582224,0.8658667298807557,76,0.0051498337435305,0.7726561764090925,92,1
