time,S,E,I,R1,beta_t,R0,integer_day,time_diff,Rt,seed,diff
75.99891965966003,89631,247,456,2186,0.12369524712582224,0.8658667298807557,76,0.00108034033996773,0.7765525766935557,71,1
