time,S,E,I,R1,beta_t,R0,integer_day,time_diff,Rt,seed,diff
75.99731425337603,90441,187,484,1960,0.12369524712582224,0.8658667298807557,76,0.00268574662396758,0.7835141452017971,28,1
