time,S,E,I,R1,beta_t,R0,integer_day,time_diff,Rt,seed,diff
75.99676044791195,89230,271,546,2286,0.12369524712582224,0.8658667298807557,76,0.00323955208804704,0.7731064271086304,1,1
