time,S,E,I,R1,beta_t,R0,integer_day,time_diff,Rt,seed,diff
75.99492513585903,88612,308,563,2430,0.12369524712582224,0.8658667298807557,76,0.00507486414096547,0.7678246400563578,87,1
