time,S,E,I,R1,beta_t,R0,integer_day,time_diff,Rt,seed,diff
75.99028955601516,90952,207,512,1863,0.12369524712582224,0.8658667298807557,76,0.00971044398484366,0.787973358860683,100,1
