time,S,E,I,R1,beta_t,R0,integer_day,time_diff,Rt,seed,diff
75.99580538283091,89329,229,545,2302,0.12369524712582224,0.8658667298807557,76,0.00419461716909097,0.7740761978460967,53,1
