time,S,E,I,R1,beta_t,R0,integer_day,time_diff,Rt,seed,diff
75.99324241156674,89406,240,552,2165,0.12369524712582224,0.8658667298807557,76,0.00675758843325979,0.7746390112205194,57,1
