time,S,E,I,R1,beta_t,R0,integer_day,time_diff,Rt,seed,diff
75.99852585906028,88466,265,563,2385,0.12369524712582224,0.8658667298807557,76,0.00147414093972031,0.7666210853018235,54,1
