time,S,E,I,R1,beta_t,R0,integer_day,time_diff,Rt,seed,diff
75.99844343631557,89135,246,581,2325,0.12369524712582224,0.8658667298807557,76,0.00155656368443146,0.7723877577228294,22,1
