time,S,E,I,R1,beta_t,R0,integer_day,time_diff,Rt,seed,diff
75.9973838866583,89911,255,517,2047,0.12369524712582224,0.8658667298807557,76,0.00261611334170197,0.7789856622045208,94,1
