time,S,E,I,R1,beta_t,R0,integer_day,time_diff,Rt,seed,diff
75.99703848350138,88954,269,507,2341,0.12369524712582224,0.8658667298807557,76,0.00296151649861542,0.7707599282706534,80,1
