time,S,E,I,R1,beta_t,R0,integer_day,time_diff,Rt,seed,diff
75.99577824314576,89895,210,499,2083,0.12369524712582224,0.8658667298807557,76,0.00422175685423553,0.7788298061931421,16,1
