time,S,E,I,R1,beta_t,R0,integer_day,time_diff,Rt,seed,diff
75.99790327228395,89850,227,511,2090,0.12369524712582224,0.8658667298807557,76,0.00209672771605085,0.7784921181684886,30,1
