time,S,E,I,R1,beta_t,R0,integer_day,time_diff,Rt,seed,diff
75.99687381526326,89437,270,537,2279,0.12369524712582224,0.8658667298807557,76,0.00312618473674319,0.775011333914368,96,1
