time,S,E,I,R1,beta_t,R0,integer_day,time_diff,Rt,seed,diff
75.99472162927651,90096,225,497,2000,0.12369524712582224,0.8658667298807557,76,0.00527837072348802,0.7806221503239953,72,1
