time,S,E,I,R1,beta_t,R0,integer_day,time_diff,Rt,seed,diff
75.99863553765697,88786,281,598,2324,0.12369524712582224,0.8658667298807557,76,0.00136446234303377,0.7693485655009479,11,1
