time,S,E,I,R1,beta_t,R0,integer_day,time_diff,Rt,seed,diff
75.99880550626122,89321,258,534,2225,0.12369524712582224,0.8658667298807557,76,0.00119449373877955,0.7738250964944313,90,1
