time,S,E,I,R1,beta_t,R0,integer_day,time_diff,Rt,seed,diff
75.99862991435938,88916,276,543,2363,0.12369524712582224,0.8658667298807557,76,0.00137008564061602,0.7703443122403109,66,1
