time,S,E,I,R1,beta_t,R0,integer_day,time_diff,Rt,seed,diff
75.99870629707453,89167,293,580,2300,0.12369524712582224,0.8658667298807557,76,0.00129370292546582,0.7726821524109888,55,1
