time,S,E,I,R1,beta_t,R0,integer_day,time_diff,Rt,seed,diff
75.99872552475753,88452,287,557,2485,0.12369524712582224,0.8658667298807557,76,0.00127447524246804,0.7663526666155605,13,1
