time,S,E,I,R1,beta_t,R0,integer_day,time_diff,Rt,seed,diff
75.99721308037667,89574,219,467,2168,0.12369524712582224,0.8658667298807557,76,0.00278691962333255,0.7760417153229262,38,1
