time,S,E,I,R1,beta_t,R0,integer_day,time_diff,Rt,seed,diff
75.9977526939872,91105,196,422,1870,0.12369524712582224,0.8658667298807557,76,0.00224730601280498,0.7892721589555042,97,1
