time,S,E,I,R1,beta_t,R0,integer_day,time_diff,Rt,seed,diff
75.99189257706165,90235,207,514,2074,0.12369524712582224,0.8658667298807557,76,0.00810742293835176,0.7817304597382426,33,1
