time,S,E,I,R1,beta_t,R0,integer_day,time_diff,Rt,seed,diff
75.98658786958683,90569,234,523,2020,0.12369524712582224,0.8658667298807557,76,0.01341213041317246,0.7846051372814468,85,1
