time,S,E,I,R1,beta_t,R0,integer_day,time_diff,Rt,seed,diff
75.99842050481064,87020,310,608,2716,0.12369524712582224,0.8658667298807557,76,0.00157949518936106,0.7540140657147598,99,1
