time,S,E,I,R1,beta_t,R0,integer_day,time_diff,Rt,seed,diff
75.99799268741339,89329,226,499,2189,0.12369524712582224,0.8658667298807557,76,0.00200731258661335,0.7740069285077064,83,1
