time,S,E,I,R1,beta_t,R0,integer_day,time_diff,Rt,seed,diff
75.99779556889187,89949,233,433,2016,0.12369524712582224,0.8658667298807557,76,0.00220443110812595,0.7792713982253814,20,1
