time,S,E,I,R1,beta_t,R0,integer_day,time_diff,Rt,seed,diff
75.99645192838985,89471,257,512,2154,0.12369524712582224,0.8658667298807557,76,0.00354807161015457,0.7752710939333323,50,1
