time,S,E,I,R1,beta_t,R0,integer_day,time_diff,Rt,seed,diff
75.9969356101758,88790,241,545,2364,0.12369524712582224,0.8658667298807557,76,0.00306438982420331,0.7692966134971551,60,1
