time,S,E,I,R1,beta_t,R0,integer_day,time_diff,Rt,seed,diff
75.99780323439252,88358,267,541,2513,0.12369524712582224,0.8658667298807557,76,0.00219676560747927,0.7656253385624606,70,1
