time,S,E,I,R1,beta_t,R0,integer_day,time_diff,Rt,seed,diff
75.99056315749431,89687,246,530,2141,0.12369524712582224,0.8658667298807557,76,0.00943684250569276,0.7771673420717711,76,1
