time,S,E,I,R1,beta_t,R0,integer_day,time_diff,Rt,seed,diff
75.99639927480602,88401,237,523,2363,0.12369524712582224,0.8658667298807557,76,0.00360072519397647,0.765928391917919,29,1
