time,S,E,I,R1,beta_t,R0,integer_day,time_diff,Rt,seed,diff
75.99339211477982,88791,251,515,2313,0.12369524712582224,0.8658667298807557,76,0.00660788522017696,0.7693225894990515,47,1
