time,S,E,I,R1,beta_t,R0,integer_day,time_diff,Rt,seed,diff
75.99603458300945,89096,260,565,2238,0.12369524712582224,0.8658667298807557,76,0.00396541699055319,0.771868237684901,86,1
