time,S,E,I,R1,beta_t,R0,integer_day,time_diff,Rt,seed,diff
75.99759549708793,89624,259,518,2207,0.12369524712582224,0.8658667298807557,76,0.00240450291207139,0.7765092833570618,27,1
