time,S,E,I,R1,beta_t,R0,integer_day,time_diff,Rt,seed,diff
75.99554106161247,89123,266,550,2224,0.12369524712582224,0.8658667298807557,76,0.00445893838752908,0.7721799497076579,74,1
