time,S,E,I,R1,beta_t,R0,integer_day,time_diff,Rt,seed,diff
75.9930064902554,89035,263,557,2178,0.12369524712582224,0.8658667298807557,76,0.00699350974460344,0.771591160331339,49,1
