time,S,E,I,R1,beta_t,R0,integer_day,time_diff,Rt,seed,diff
75.99822536945817,89602,229,505,2093,0.12369524712582224,0.8658667298807557,76,0.00177463054183135,0.7762928166745916,81,1
