time,S,E,I,R1,beta_t,R0,integer_day,time_diff,Rt,seed,diff
75.9957861164288,88812,251,516,2333,0.12369524712582224,0.8658667298807557,76,0.00421388357119667,0.7694438108412348,15,1
