time,S,E,I,R1,beta_t,R0,integer_day,time_diff,Rt,seed,diff
75.99593281457979,88663,265,511,2329,0.12369524712582224,0.8658667298807557,76,0.00406718542021167,0.7681623280810113,18,1
