time,S,E,I,R1,beta_t,R0,integer_day,time_diff,Rt,seed,diff
75.99870489507613,88837,249,513,2323,0.12369524712582224,0.8658667298807557,76,0.00129510492386941,0.7697901575331871,35,1
