time,S,E,I,R1,beta_t,R0,integer_day,time_diff,Rt,seed,diff
75.99771872973469,89160,212,474,2331,0.12369524712582224,0.8658667298807557,76,0.0022812702653141,0.7723964163901281,6,1
