time,S,E,I,R1,beta_t,R0,integer_day,time_diff,Rt,seed,diff
75.99679159297371,89119,214,530,2220,0.12369524712582224,0.8658667298807557,76,0.00320840702629254,0.7720847043673712,48,1
