time,S,E,I,R1,beta_t,R0,integer_day,time_diff,Rt,seed,diff
75.99752125143311,88839,229,537,2396,0.12369524712582224,0.8658667298807557,76,0.00247874856688667,0.7696343015218086,64,1
