time,S,E,I,R1,beta_t,R0,integer_day,time_diff,Rt,seed,diff
75.9977804089626,89171,267,564,2252,0.12369524712582224,0.8658667298807557,76,0.00221959103740232,0.7726215417398972,8,1
